{
    "it000": {
        "265300": {
            "snap059": {
                "lz": [
                    -2232.0191141404193,
                    -1811.2527391333313
                ],
                "et": [
                    -58529.5170598036,
                    -58519.573746273156
                ],
                "lz_norm": [
                    -0.5838982159066032,
                    -0.4727970310592547
                ],
                "et_norm": [
                    -0.7636619907092151,
                    -0.7635322556458428
                ]
            },
            "snap067": {
                "lz": [
                    -2354.7762087491433,
                    -3114.7524005853497
                ],
                "et": [
                    -54567.594603468315,
                    -54356.004813841864
                ],
                "lz_norm": [
                    -0.5935911804855184,
                    -0.7564512537554099
                ],
                "et_norm": [
                    -0.7140172109628242,
                    -0.7112485576520975
                ]
            },
            "snap077": {
                "lz": [
                    -1115.0298470764553,
                    -1303.676341306244
                ],
                "et": [
                    -53473.11276335759,
                    -53342.03693948762
                ],
                "lz_norm": [
                    -0.23147429615164988,
                    -0.26529240331517445
                ],
                "et_norm": [
                    -0.6713934005844632,
                    -0.6697476493166826
                ]
            },
            "snap088": {
                "lz": [
                    -4385.305157657856,
                    -7081.905738615594
                ],
                "et": [
                    -36863.25714480974,
                    -31046.475597240395
                ],
                "lz_norm": [
                    -0.23509910260720693,
                    -0.2478940063128275
                ],
                "et_norm": [
                    -0.49329733919247715,
                    -0.4154582364564385
                ]
            },
            "snap102": {
                "lz": [
                    516.0812504405985,
                    693.713237421739
                ],
                "et": [
                    -64860.37899806737,
                    -64715.738497213264
                ],
                "lz_norm": [
                    0.6442084454710322,
                    0.8381294743647375
                ],
                "et_norm": [
                    -0.9060031096801784,
                    -0.903982696824382
                ]
            },
            "snap120": {
                "lz": [
                    -74.4082126774114
                ],
                "et": -85419.40820821468,
                "lz_norm": [
                    -0.4401743839032072
                ],
                "et_norm": -0.9682326173658797
            },
            "snap142": {
                "lz": [
                    514.6745932308597
                ],
                "et": -71912.42938790839,
                "lz_norm": [
                    0.6090121428837304
                ],
                "et_norm": -0.8045241927399357
            }
        }
    }
}