{
    "snap600": {
        "r_50": 97.65040244931625,
        "kappa_co": 0.622937503388397
    },
    "snap599": {
        "r_50": 97.63979070599191,
        "kappa_co": 0.6227601652970148
    },
    "snap598": {
        "r_50": 97.63094777318229,
        "kappa_co": 0.6226620764951232
    },
    "snap597": {
        "r_50": 97.62628781908171,
        "kappa_co": 0.6222925364055659
    },
    "snap596": {
        "r_50": 97.6155641221282,
        "kappa_co": 0.6221451565144753
    },
    "snap595": {
        "r_50": 97.62444512043723,
        "kappa_co": 0.6219761310861186
    },
    "snap594": {
        "r_50": 97.61235008046056,
        "kappa_co": 0.6217831957974358
    },
    "snap593": {
        "r_50": 97.60619289057578,
        "kappa_co": 0.6217011031361163
    },
    "snap592": {
        "r_50": 97.58360019416182,
        "kappa_co": 0.6214303552381981
    },
    "snap591": {
        "r_50": 97.58424931808261,
        "kappa_co": 0.6213552254575924
    },
    "snap590": {
        "r_50": 97.57180468642717,
        "kappa_co": 0.6213071685355219
    },
    "snap534": {
        "r_50": 93.13580597241554,
        "kappa_co": 0.6003033869440085
    },
    "snap486": {
        "r_50": 81.63533351900458,
        "kappa_co": 0.5611803641545313
    },
    "snap446": {
        "r_50": 74.47907908253424,
        "kappa_co": 0.5036320473768588
    },
    "snap412": {
        "r_50": 84.97083128553767,
        "kappa_co": 0.4445736599584395
    },
    "snap382": {
        "r_50": 64.60274934315139,
        "kappa_co": 0.42987089599524986
    },
    "snap356": {
        "r_50": 56.77450247258852,
        "kappa_co": 0.3133537713971965
    },
    "snap332": {
        "r_50": 63.28472144939372,
        "kappa_co": 0.27216039931899644
    },
    "snap312": {
        "r_50": 64.9905096885985,
        "kappa_co": 0.28169652827555597
    },
    "snap294": {
        "r_50": 73.60820574698869,
        "kappa_co": 0.1411421274541191
    },
    "snap277": {
        "r_50": 68.37050124601394,
        "kappa_co": 0.11941684894356175
    },
    "snap214": {
        "r_50": 41.85424303654897,
        "kappa_co": 0.05675373341591242
    },
    "snap172": {
        "r_50": 23.941034587139733,
        "kappa_co": 0.3433301204917891
    },
    "snap142": {
        "r_50": 12.598380961564382,
        "kappa_co": 0.5413882924303026
    },
    "snap120": {
        "r_50": 13.394491674346442,
        "kappa_co": 0.1444055688108348
    },
    "snap102": {
        "r_50": 20.723141726246443,
        "kappa_co": 0.2517312148291126
    },
    "snap088": {
        "r_50": 10.54564099726981,
        "kappa_co": 0.11785026957284347
    },
    "snap077": {
        "r_50": 4.994623345445996,
        "kappa_co": 0.13462232487446635
    },
    "snap067": {
        "r_50": 5.737443174508378,
        "kappa_co": 0.04261435404538195
    },
    "snap059": {
        "r_50": 5.892211527852573,
        "kappa_co": 0.41144960076971276
    },
    "snap052": {
        "r_50": 1.9959641906108747,
        "kappa_co": 0.2331319262711591
    },
    "snap046": {
        "r_50": 3.3083515978464213,
        "kappa_co": 0.03946401611719428
    }
}